Model,Best Accuracy,Best AUC,Best F1 Score
Neural Network (Adam),0.5879120879120879,0.7310318682543924,0.5107130507141056
Random Forest,0.5879120879120879,0.7584302369245937,0.5253527199037128
