Model,Best Accuracy,Best AUC,Best F1 Score
Neural Network (Adam),0.5824175824175825,0.6327854166546834,0.4868514887956853
Random Forest,0.6043956043956044,0.7542825326587802,0.5343210289909519
