Model,Best Accuracy,Best AUC,Best F1 Score
L2 vs Dropout,0.6208791208791209,0.5919887410792588,0.5575207604131382
Neural Network (Adam),0.6428571428571429,0.7719641901529155,0.5981220352830999
