Model,Best Accuracy,Best AUC,Best F1 Score
Neural Network (Adam),0.5769230769230769,0.7082162677912822,0.5297628388804584
Random Forest,0.5879120879120879,0.7493064394046272,0.5179803339754058
