Model,Best Accuracy,Best AUC,Best F1 Score
Neural Network (Adam),0.6043956043956044,0.7663493780473276,0.5881009059730758
L2 vs Dropout,0.6153846153846154,0.6373680483366966,0.5759868066206094
