Model,best_model,best_params,best_accuracy,mean_accuracy,std_accuracy,var_accuracy,mean_auc,std_auc,var_auc,mean_f1,std_f1,var_f1,feature_importances
Neural Network (Adam),"MLPClassifier(batch_size=128, max_iter=500)","{'max_iter': 500, 'hidden_layer_sizes': (100,), 'batch_size': 128, 'alpha': 0.0001}",0.5879120879120879,0.5406593406593405,0.05299848594192306,0.002808839512136216,0.7310318682543924,0.026141842258809268,0.000683395916684466,0.5107130507141056,0.032568159684176486,0.0010606850252140184,N/A
Random Forest,"RandomForestClassifier(max_depth=10, max_features='log2', min_samples_split=10)","{'n_estimators': 100, 'min_samples_split': 10, 'min_samples_leaf': 1, 'max_features': 'log2', 'max_depth': 10, 'class_weight': None}",0.5879120879120879,0.567032967032967,0.01819004984312842,0.00033087791329549623,0.7584302369245937,0.015398211447947495,0.0002371049157957013,0.5253527199037128,0.013664718026093123,0.00018672451873263433,N/A
