Model,best_model,best_params,best_accuracy,mean_accuracy,std_accuracy,var_accuracy,mean_auc,std_auc,var_auc,mean_f1,std_f1,var_f1,feature_importances
Neural Network (Adam),"MLPClassifier(alpha=0.001, batch_size=32, max_iter=300)","{'max_iter': 300, 'hidden_layer_sizes': (100,), 'batch_size': 32, 'alpha': 0.001}",0.5769230769230769,0.5703296703296703,0.00538349394018279,2.898200700398482e-05,0.7082162677912822,0.022317535229677596,0.0004980723787279006,0.5297628388804584,0.011754691140487812,0.00013817276380826267,N/A
Random Forest,"RandomForestClassifier(max_depth=10, max_features='log2', min_samples_split=10)","{'n_estimators': 100, 'min_samples_split': 10, 'min_samples_leaf': 1, 'max_features': 'log2', 'max_depth': 10, 'class_weight': None}",0.5879120879120879,0.5659340659340659,0.01432791737407174,0.0002052892162782268,0.7493064394046272,0.0105027196887753,0.00011030712086098832,0.5179803339754058,0.024262466014786113,0.0005886672571186512,N/A
