Model,best_model,best_params,best_accuracy,mean_accuracy,std_accuracy,var_accuracy,mean_auc,std_auc,var_auc,mean_f1,std_f1,var_f1,feature_importances
Neural Network (Adam),"MLPClassifier(alpha=0.001, batch_size=32, max_iter=300)","{'max_iter': 300, 'hidden_layer_sizes': (100,), 'batch_size': 32, 'alpha': 0.001}",0.5824175824175825,0.5263736263736264,0.07819976648200966,0.006115203477840842,0.6327854166546834,0.13035949051213225,0.016993596766582696,0.4868514887956853,0.09368876487779004,0.008777584664325825,N/A
Random Forest,"RandomForestClassifier(max_depth=10, max_features='log2', min_samples_split=10)","{'n_estimators': 100, 'min_samples_split': 10, 'min_samples_leaf': 1, 'max_features': 'log2', 'max_depth': 10, 'class_weight': None}",0.6043956043956044,0.578021978021978,0.02125173583056453,0.00045163627581210037,0.7542825326587802,0.018445009704521495,0.00034021838299989215,0.5343210289909519,0.012759253245068223,0.00016279854337178395,N/A
