Model,Mean Accuracy,Variance Accuracy,Std Accuracy,Mean AUC,Variance AUC,Std AUC,Mean F1 Score,Variance F1 Score,Std F1 Score
Neural Network (Adam),0.5263736263736264,0.0061152034778408,0.0781997664820096,0.6327854166546834,0.0169935967665826,0.1303594905121322,0.4868514887956853,0.0087775846643258,0.09368876487779
Random Forest,0.578021978021978,0.0004516362758121,0.0212517358305645,0.7542825326587802,0.0003402183829998,0.0184450097045214,0.5343210289909519,0.0001627985433717,0.0127592532450682
