Model,Mean Accuracy,Variance Accuracy,Std Accuracy,Mean AUC,Variance AUC,Std AUC,Mean F1 Score,Variance F1 Score,Std F1 Score
L2 vs Dropout,0.536019536019536,0.0007361586568896,0.0271322438602046,0.5510752059171423,0.0006092317046649,0.0246826194854783,0.4391567970238584,0.001534905935378,0.0391778755853106
Neural Network (Adam),0.5562271062271062,0.0015913604100417,0.0398918589444228,0.7039281749729779,0.0034556861403603,0.0587850843357422,0.5191158054555269,0.0029728870642192,0.0545241878822536
