Model,Mean Accuracy,Variance Accuracy,Std Accuracy,Mean AUC,Variance AUC,Std AUC,Mean F1 Score,Variance F1 Score,Std F1 Score
Neural Network (Adam),0.5406593406593405,0.0028088395121362,0.052998485941923,0.7310318682543924,0.0006833959166844,0.0261418422588092,0.5107130507141056,0.001060685025214,0.0325681596841764
Random Forest,0.567032967032967,0.0003308779132954,0.0181900498431284,0.7584302369245937,0.0002371049157957,0.0153982114479474,0.5253527199037128,0.0001867245187326,0.0136647180260931
