Model,Mean Accuracy,Variance Accuracy,Std Accuracy,Mean AUC,Variance AUC,Std AUC,Mean F1 Score,Variance F1 Score,Std F1 Score
Neural Network (Adam),0.5423076923076924,0.0016707925773859,0.0408753296914652,0.6713936250244886,0.0101074019185183,0.1005355753876124,0.4928649727869997,0.0037026255929518,0.0608492037166624
L2 vs Dropout,0.5355311355311356,0.000724007440886,0.0269073863629685,0.5101501277706366,0.0004652023468364,0.0215685499474686,0.3874674202874403,0.0012380206005791,0.0351855169150481
