Model,Best Accuracy,Best AUC,Best F1 Score
L2 vs Dropout,0.5916289592760181,0.6726599198379527,0.5877115049792889
Neural Network (Adam),0.5769230769230769,0.7576370720958154,0.5696101395652247
