,wife_age,wife_edu,husband_edu,num_children,wife_religion,wife_working,husband_occupation,standard_of_living_index,media_exposure
count,1473.0,1473.0,1473.0,1473.0,1473.0,1473.0,1473.0,1473.0,1473.0
mean,32.53835709436524,2.9585879158180584,3.4297352342158858,3.2613713509843856,0.8506449422946368,0.7494908350305499,2.1378139850644944,3.1337406653088933,0.07399864222674814
std,8.227244755470615,1.014994198040048,0.8163485761525154,2.3585488626874174,0.35655915962199,0.43345342740263065,0.8648572706100766,0.9761605025412409,0.26185758346836996
min,16.0,1.0,1.0,0.0,0.0,0.0,1.0,1.0,0.0
25%,26.0,2.0,3.0,1.0,1.0,0.0,1.0,3.0,0.0
50%,32.0,3.0,4.0,3.0,1.0,1.0,2.0,3.0,0.0
75%,39.0,4.0,4.0,4.0,1.0,1.0,3.0,4.0,0.0
max,49.0,4.0,4.0,16.0,1.0,1.0,4.0,4.0,1.0
