,age,sex,cp,trestbps,chol,fbs,restecg,thalach,exang,oldpeak,slope,ca,thal
count,303.0,303.0,303.0,303.0,303.0,303.0,303.0,303.0,303.0,303.0,303.0,303.0,303.0
mean,54.43894389438944,0.6798679867986799,3.1584158415841586,131.68976897689768,246.69306930693068,0.1485148514851485,0.9900990099009901,149.6072607260726,0.32673267326732675,1.0396039603960396,1.6006600660066006,0.6722408026755853,4.73421926910299
std,9.038662442446746,0.46729882777012993,0.9601256119600138,17.59974772958769,51.77691754263704,0.35619787492797644,0.9949712915251782,22.875003276980376,0.46979446452231655,1.1610750220686348,0.6162261453459619,0.9312094227120484,1.9332722333492514
min,29.0,0.0,1.0,94.0,126.0,0.0,0.0,71.0,0.0,0.0,1.0,0.0,3.0
25%,48.0,0.0,3.0,120.0,211.0,0.0,0.0,133.5,0.0,0.0,1.0,0.0,3.0
50%,56.0,1.0,3.0,130.0,241.0,0.0,1.0,153.0,0.0,0.8,2.0,0.0,3.0
75%,61.0,1.0,4.0,140.0,275.0,0.0,2.0,166.0,1.0,1.6,2.0,1.0,7.0
max,77.0,1.0,4.0,200.0,564.0,1.0,2.0,202.0,1.0,6.2,3.0,3.0,7.0
