,Sex,Length,Diameter,Height,Whole_weight,Shucked_weight,Viscera_weight,Shell_weight
count,4177.0,4177.0,4177.0,4177.0,4177.0,4177.0,4177.0,4177.0
mean,1.0529087862101987,0.5239920995930094,0.40788125448886764,0.13951639932966242,0.8287421594445774,0.35936748862820206,0.1805936078525257,0.23883085946851804
std,0.8222404151746827,0.12009291256479956,0.09923986613365945,0.041827056607257274,0.4903890182309977,0.22196294903322014,0.10961425025968446,0.1392026695223861
min,0.0,0.075,0.055,0.0,0.002,0.001,0.0005,0.0015
25%,0.0,0.45,0.35,0.115,0.4415,0.186,0.0935,0.13
50%,1.0,0.545,0.425,0.14,0.7995,0.336,0.171,0.234
75%,2.0,0.615,0.48,0.165,1.153,0.502,0.253,0.329
max,2.0,0.815,0.65,1.13,2.8255,1.488,0.76,1.005
