,mean,var,std
Test Accuracy,0.5279351150113017,0.0010571857702010112,0.032514393277455006
F1 Score,0.5327509314697856,0.0010627640561850788,0.03260006221136823
AUC,0.7653040926404594,0.0003399523688370902,0.018437797288100608
