Model,Best Accuracy,Best AUC,Best F1 Score
basic_tree_prepruned,0.5719984044674911,0.7867539130297876,0.5766072671745779
postpruned_tree,0.5967291583566016,0.7876684563189613,0.5962231958678997
Random Forest,0.6406063023534104,0.8490987146650206,0.6303926224815147
XGBoost,0.6433984842441165,0.8444389854699961,0.632872188317437
Gradient Boosting,0.6338252891902673,0.8392398306645896,0.6219486739220643
Neural Network (Adam),0.655364978061428,0.8656769326084981,0.6466733082066619
Neural Network (SGD),0.6477861986437974,0.8592389192517238,0.6415170491487517
L2 vs Dropout,0.6561627443159155,0.7130148889159884,0.6464650668860698
