Experiment,Max Depth,Min Samples Split,Min Samples Leaf,Test Accuracy,F1 Score,AUC
1,7,4,1,0.5109692859992022,0.5097146356618409,0.7466777851521333
2,8,5,2,0.5628240925408855,0.5724930072162555,0.7757132348536431
3,6,5,3,0.5293179098524132,0.5370305378686594,0.7756597201052651
4,5,4,1,0.5416832867969685,0.5450478296293056,0.800424821927372
5,7,2,1,0.5520542481053051,0.5560096172043957,0.7499076382253759
