,mean,var,std
Test Accuracy,0.5263661747108097,0.0020137154061965145,0.04487444045552562
F1 Score,0.5291159564914976,0.0012171983612860313,0.034888370000417494
AUC,0.7763269384388896,0.0002840970533137101,0.016855178827698925
