Experiment,Max Depth,Min Samples Split,Min Samples Leaf,Test Accuracy,F1 Score,AUC
1,3,2,3,0.4551256481850818,0.4720670756189878,0.7732694890777367
2,4,9,3,0.5089748703629836,0.5195635567430993,0.7878209442814004
3,4,9,2,0.5552453131232549,0.5533101579078146,0.7811328715994412
4,4,7,4,0.5616274431591544,0.5459359627085215,0.7907312647974462
5,7,3,1,0.550857598723574,0.5547030294790645,0.748680122438423
