,mean,var,std
Test Accuracy,0.5278819305943359,0.001425348665841197,0.03775379008578075
F1 Score,0.5331204944786775,0.0015610953570279473,0.03951069927282922
AUC,0.7690709593114918,0.0004305422862020768,0.020749512914815055
