Experiment,Max Depth,Min Samples Split,Min Samples Leaf,Test Accuracy,F1 Score,AUC
1,5,8,3,0.516952532907858,0.518875193114249,0.7842527371855178
2,9,7,4,0.5476665337056242,0.5558057905340075,0.7582561089960747
3,8,6,3,0.5265257279617073,0.5345036206895615,0.7412111005739949
4,8,8,2,0.545273234942162,0.5502321320786085,0.7561225476873747
5,4,3,3,0.4754686876745114,0.48898100801781547,0.7813336768809017
