,mean,var,std
Test Accuracy,0.5393697646589549,0.00040599524363294545,0.02014932365199749
F1 Score,0.5440591255160914,0.0005453056109052477,0.023351779608955882
AUC,0.7696766400527579,0.0004843622930725361,0.02200823239318724
