Model,Best Accuracy,Best AUC,Best F1 Score
Unpruned Decision Tree,0.6027124052652573,0.8059629592329072,0.5979930507358097
Pruned Decision Tree,0.6055045871559633,0.7915886977418793,0.595860989567654
Random Forest,0.6338252891902673,0.697935881775503,0.6231624779376811
XGBoost,0.613083366573594,0.704505807643835,0.6086607122694354
Gradient Boosting,0.6469884323893099,0.7137304727754222,0.6387403628012253
Neural Network (Adam),0.652572796170722,0.7059073878628697,0.6378311946497588
Neural Network (SGD),0.6110889509373754,0.7060868343894927,0.5784653579667325
L2 vs Dropout,0.6346230554447547,0.6926048236522164,0.6261575089289981
