Feature,Importance
Shell_weight,0.7635778106285899
Shucked_weight,0.13458784971383803
Whole_weight,0.05205542760557916
Sex,0.01684621172941101
Diameter,0.013029919949777355
Height,0.011406396873225687
Length,0.005967957602144478
Viscera_weight,0.002528425897434375
