Model,Best Accuracy,Best AUC,Best F1 Score
basic_tree_prepruned,0.5759872357399282,0.7981494028518756,0.5808333304402338
postpruned_tree,0.5927403270841644,0.7767220076758985,0.5587323623766927
Random Forest,0.6382130035899481,0.8482474257639359,0.6374823299042619
XGBoost,0.6433984842441165,0.8444389854699961,0.632872188317437
Gradient Boosting,0.6338252891902673,0.8399504779992556,0.621041303980585
Neural Network (Adam),0.658157159952134,0.8631581583851491,0.6485676188715609
Neural Network (SGD),0.6517750299162346,0.85944253051719,0.645467272206627
L2 vs Dropout,0.6561627443159155,0.7130148889159884,0.6464650668860698
