Model,Best Accuracy,Best AUC,Best F1 Score
basic_tree_prepruned,0.5476665337056242,0.7582561089960747,0.5558057905340075
postpruned_tree,0.5927403270841644,0.7767220076758985,0.5587323623766927
Random Forest,0.642600717989629,0.8365396261825916,0.6183763546407277
XGBoost,0.6350219385719984,0.826979585818812,0.6123391456788719
Gradient Boosting,0.6322297566812923,0.8228187631038946,0.6102919866562164
Neural Network (Adam),0.6437973673713602,0.8521141961578781,0.6254948821555729
Neural Network (SGD),0.6382130035899481,0.8478177038870414,0.6030287591146912
L2 vs Dropout,0.6378141204627045,0.6965558666106411,0.6306568302210362
