Model,Best Accuracy,Best AUC,Best F1 Score
basic_tree_prepruned,0.5616274431591544,0.7907312647974462,0.5459359627085215
postpruned_tree,0.5927403270841644,0.7767220076758985,0.5587323623766927
Random Forest,0.6402074192261668,0.8363342496980334,0.6155478821366411
XGBoost,0.6350219385719984,0.826979585818812,0.6123391456788719
Gradient Boosting,0.6318308735540487,0.8239507248795132,0.6075277313713678
Neural Network (Adam),0.6485839648982848,0.8525714534019351,0.6275799552947576
Neural Network (SGD),0.6318308735540487,0.8463351787035404,0.6105017206757022
L2 vs Dropout,0.6378141204627045,0.6965558666106411,0.6306568302210362
