Feature,Importance
Shell_weight,0.5017015109229135
Shucked_weight,0.18774762241663653
Whole_weight,0.08585364513046433
Viscera_weight,0.05977125772768803
Height,0.05223969794225694
Diameter,0.04222314356814438
Length,0.03819746536936047
Sex,0.03226565692253582
