Model,Best Accuracy,Best AUC,Best F1 Score
basic_tree_prepruned,0.5628240925408855,0.7757132348536431,0.5724930072162555
postpruned_tree,0.5927403270841644,0.7767220076758985,0.5587323623766927
Random Forest,0.6433984842441165,0.8360079028133516,0.6190363215445563
XGBoost,0.6350219385719984,0.826979585818812,0.6123391456788719
Gradient Boosting,0.6326286398085361,0.8223532407049163,0.6052129923369112
Neural Network (Adam),0.6449940167530913,0.8516922940959436,0.621458074560403
Neural Network (SGD),0.6410051854806542,0.8435595585582571,0.6099502805038306
L2 vs Dropout,0.6378141204627045,0.6965558666106411,0.6306568302210362
