Model,Best Accuracy,Best AUC,Best F1 Score
Unpruned Decision Tree,0.6174710809732749,0.8061230642562374,0.609831620545374
Pruned Decision Tree,0.6234543278819306,0.8147199865524235,0.6119388400450244
Random Forest,0.6338252891902673,0.697935881775503,0.6231624779376811
XGBoost,0.613083366573594,0.704505807643835,0.6086607122694354
Gradient Boosting,0.6469884323893099,0.7137304727754222,0.6387403628012253
Neural Network (Adam),0.652572796170722,0.7059073878628697,0.6378311946497588
Neural Network (SGD),0.6110889509373754,0.7060868343894927,0.5784653579667325
L2 vs Dropout,0.6346230554447547,0.6926048236522164,0.6261575089289981
