Feature,Importance
Shell_weight,0.5285861365231247
Shucked_weight,0.19187240680763062
Whole_weight,0.07048746835589012
Length,0.0530313505240141
Viscera_weight,0.05088591245289878
Height,0.04729211860833103
Sex,0.035018489032654906
Diameter,0.02282611769545564
