Combination,L2 Accuracy,L2 AUC,L2 F1,Dropout Accuracy,Dropout AUC,Dropout F1
"Dropout rate: 0.2, Weight decay (λ): 0.01",0.6346230554447547,0.6926024247727762,0.6261048088516001,0.6210610291184683,0.6699962394891907,0.6036236739039177
"Dropout rate: 0.3, Weight decay (λ): 0.001",0.6346230554447547,0.6925712153470844,0.6261575089289981,0.6142800159553251,0.6546432205943147,0.5876128526290271
"Dropout rate: 0.5, Weight decay (λ): 0.0001",0.6342241723175109,0.6926048236522164,0.6253724872889038,0.625847626645393,0.6659381348071838,0.6034499027752791
