Combination,L2 Accuracy,L2 AUC,L2 F1,Dropout Accuracy,Dropout AUC,Dropout F1
"Dropout rate: 0.2, Weight decay (λ): 0.01",0.6346230554447547,0.6926024247727762,0.6261048088516001,0.6230554447546869,0.6724461226172401,0.6088516555391001
"Dropout rate: 0.3, Weight decay (λ): 0.001",0.6346230554447547,0.6925712153470844,0.6261575089289981,0.6210610291184683,0.6748959271265003,0.6075638121508256
"Dropout rate: 0.5, Weight decay (λ): 0.0001",0.6342241723175109,0.6926048236522164,0.6253724872889038,0.6206621459912246,0.6611753334730849,0.5941963982492876
