,Combination,L2 Accuracy,L2 AUC,L2 F1,Dropout Accuracy,Dropout AUC,Dropout F1
0,"Dropout rate: 0.2, Weight decay (λ): 0.01",0.6326286398085361,0.690946872471146,0.622767344383052,0.6202632628639808,0.6792195000969422,0.6063493711004375
1,"Dropout rate: 0.3, Weight decay (λ): 0.001",0.6378141204627045,0.6965558666106411,0.6306568302210362,0.6250498603909055,0.6710424046867347,0.6056080165448823
2,"Dropout rate: 0.5, Weight decay (λ): 0.0001",0.6354208216992421,0.696053925649651,0.6284410490807345,0.6178699641005185,0.6587468259870866,0.5921080414251503
