,Combination,L2 Accuracy,L2 AUC,L2 F1,Dropout Accuracy,Dropout AUC,Dropout F1
0,"Dropout rate: 0.2, Weight decay (λ): 0.01",0.6326286398085361,0.690946872471146,0.622767344383052,0.6218587953729557,0.6769072637315099,0.6088783558682932
1,"Dropout rate: 0.3, Weight decay (λ): 0.001",0.6378141204627045,0.6965558666106411,0.6306568302210362,0.6250498603909055,0.6729576857553612,0.607727380185826
2,"Dropout rate: 0.5, Weight decay (λ): 0.0001",0.6354208216992421,0.696053925649651,0.6284410490807345,0.6162744315915437,0.6584598752249937,0.5929828257146607
