Model,Best Accuracy,Best AUC,Best F1 Score
Neural Network (Adam),0.6485839648982848,0.8525714534019351,0.6275799552947576
Random Forest,0.6402074192261668,0.8363342496980334,0.6155478821366411
