Model,Best Accuracy,Best AUC,Best F1 Score
Neural Network (Adam),0.6449940167530913,0.8516922940959436,0.621458074560403
Random Forest,0.6433984842441165,0.8360079028133516,0.6190363215445563
