Model,Best Accuracy,Best AUC,Best F1 Score
L2 vs Dropout,0.6561627443159155,0.7130148889159884,0.6464650668860698
Neural Network (Adam),0.655364978061428,0.8656769326084981,0.6466733082066619
