Model,Best Accuracy,Best AUC,Best F1 Score
Neural Network (Adam),0.658157159952134,0.8631581583851491,0.6485676188715609
L2 vs Dropout,0.6561627443159155,0.7130148889159884,0.6464650668860698
