Model,Best Accuracy,Best AUC,Best F1 Score
Neural Network (Adam),0.6437973673713602,0.8521141961578781,0.6254948821555729
Random Forest,0.642600717989629,0.8365396261825916,0.6183763546407277
