,mean,var,std
Test Accuracy,0.5606701236537694,0.0010065880428957344,0.03172677170617481
F1 Score,0.5497306839872017,0.0016624639329717431,0.04077332379107378
AUC,0.7709282281558024,0.0005492782257024854,0.02343668546749914
