,mean,var,std
Test Accuracy,0.5564951469219519,0.0007593689825437821,0.027556650423151616
F1 Score,0.5492264855583497,0.000766458414500753,0.027684985362119174
AUC,0.7734141567031959,0.0004460952955431107,0.02112096814881152
