,mean,var,std
Test Accuracy,0.5676904666932588,0.0002859484468617507,0.016910010256110157
F1 Score,0.5452829735929136,0.0007513478559706469,0.027410725199648527
AUC,0.7673869531840843,0.0003623942997870059,0.019036656738697737
