Experiment,Max Depth,Min Samples Split,Min Samples Leaf,Test Accuracy,F1 Score,AUC
1,4,9,2,0.5927403270841644,0.5587323623766927,0.7767220076758985
2,9,5,3,0.5751894694854408,0.5810566028610169,0.7645581766717169
3,7,8,3,0.5464698843238931,0.5023899936472315,0.7653192289129839
4,4,5,4,0.5616274431591544,0.5459359627085215,0.7907312647974462
5,3,2,1,0.5871559633027523,0.5728882798798928,0.7739687289299838
