Experiment,Max Depth,Min Samples Split,Min Samples Leaf,Test Accuracy,F1 Score,AUC
1,6,2,2,0.5927403270841644,0.5587323623766927,0.7767220076758985
2,5,2,4,0.5696051057040287,0.5560402272780992,0.7656304012272251
3,5,5,4,0.5464698843238931,0.5023899936472315,0.7653192289129839
4,3,9,1,0.5600319106501795,0.53599297934682,0.7387482812251299
5,7,2,4,0.5696051057040287,0.5732593053157247,0.7905148468791842
