,mean,var,std
Test Accuracy,0.5571599521340247,0.0018506936063664744,0.043019688589836104
F1 Score,0.5446800383925103,0.0014570505961138988,0.038171332123910724
AUC,0.7772587461750018,9.003632219686403e-05,0.009488747135257849
