Experiment,Max Depth,Min Samples Split,Min Samples Leaf,Test Accuracy,F1 Score,AUC
1,6,6,3,0.5927403270841644,0.5587323623766927,0.7767220076758985
2,9,9,1,0.581970482648584,0.5885246114166928,0.772944854372739
3,7,5,1,0.5464698843238931,0.5023899936472315,0.7653192289129839
4,5,8,2,0.5779816513761468,0.5668612182120859,0.7910269446546362
5,4,5,4,0.48663741523733545,0.5068920063098487,0.7802806952587514
