Experiment,Max Depth,Min Samples Split,Min Samples Leaf,Test Accuracy,F1 Score,AUC
1,7,8,1,0.6218587953729557,0.6103949799571573,0.8100192707214938
2,3,8,1,0.6110889509373754,0.5884315260981619,0.7823617419777281
3,7,7,4,0.6234543278819306,0.6119388400450244,0.8147199865524235
4,3,4,1,0.6126844834463502,0.5862538829614612,0.7715658356055536
5,9,5,2,0.6206621459912246,0.6025099234072004,0.8080790068243904
