Experiment,Max Depth,Min Samples Split,Min Samples Leaf,Test Accuracy,F1 Score,AUC
1,7,2,1,0.5927403270841644,0.5860965927924252,0.7765077897834065
2,4,5,3,0.6031112883925009,0.5962824951700845,0.8038140024309914
3,8,6,3,0.5927403270841644,0.5802230626001442,0.7634836806852321
4,7,4,3,0.6063023534104507,0.5966336404432424,0.7920764146742061
5,4,3,1,0.605903470283207,0.5890755641148008,0.7919690880739374
