Model,Best Accuracy,Best AUC,Best F1 Score
Neural Network (Adam),0.5656108597285068,0.658063708557555,0.564738126822627
Gradient Boosting,0.5418552036199095,0.6424205427309286,0.5408817918369403
