Model,Best Accuracy,Best AUC,Best F1 Score
Neural Network (Adam),0.5882352941176471,0.7503529762412567,0.5765730456494226
L2 vs Dropout,0.5916289592760181,0.6726599198379527,0.5877115049792889
