Model,Best Accuracy,Best AUC,Best F1 Score
Neural Network (Adam),0.5712669683257918,0.7336841943918728,0.5494384976166472
Random Forest,0.5407239819004525,0.7134328777210152,0.5329970005830278
