Model,Best Accuracy,Best AUC,Best F1 Score
Neural Network (Adam),0.5520361990950227,0.7361812867329707,0.5349398751757877
Random Forest,0.5610859728506787,0.7136241331586296,0.5356919870143184
