Model,Best Accuracy,Best AUC,Best F1 Score
Neural Network (Adam),0.5723981900452488,0.7320274545194316,0.5437512921694034
Random Forest,0.5486425339366516,0.7139811561294123,0.5395136761767315
