Model,best_model,best_params,best_accuracy,mean_accuracy,std_accuracy,var_accuracy,mean_auc,std_auc,var_auc,mean_f1,std_f1,var_f1,feature_importances
Neural Network (Adam),"MLPClassifier(batch_size=128, max_iter=500)","{'max_iter': 500, 'hidden_layer_sizes': (100,), 'batch_size': 128, 'alpha': 0.0001}",0.5723981900452488,0.551131221719457,0.013861967133068224,0.0001921541327982637,0.7320274545194316,0.004806744766718117,2.3104795252372002e-05,0.5437512921694034,0.02141234001289771,0.0004584883048279403,N/A
Random Forest,"RandomForestClassifier(class_weight='balanced', max_depth=20,
                       min_samples_leaf=4, min_samples_split=5)","{'n_estimators': 100, 'min_samples_split': 5, 'min_samples_leaf': 4, 'max_features': 'sqrt', 'max_depth': 20, 'class_weight': 'balanced'}",0.5486425339366516,0.5411764705882354,0.007282116262186029,5.3029217255994224e-05,0.7139811561294123,0.014108543669427686,0.00019905100447214805,0.5395136761767315,0.008709572327938292,7.585665013558842e-05,N/A
