Model,best_model,best_params,best_accuracy,mean_accuracy,std_accuracy,var_accuracy,mean_auc,std_auc,var_auc,mean_f1,std_f1,var_f1,feature_importances
Neural Network (Adam),"MLPClassifier(batch_size=128, max_iter=500)","{'max_iter': 500, 'hidden_layer_sizes': (100,), 'batch_size': 128, 'alpha': 0.0001}",0.5712669683257918,0.5518099547511313,0.011655427033838232,0.0001358489793411271,0.7336841943918728,0.00871011326214927,7.586607303946859e-05,0.5494384976166472,0.011113199380250223,0.00012350320046519394,N/A
Random Forest,RandomForestClassifier(max_depth=20),"{'n_estimators': 100, 'min_samples_split': 2, 'min_samples_leaf': 1, 'max_features': 'sqrt', 'max_depth': 20, 'class_weight': None}",0.5407239819004525,0.5350678733031674,0.003431165359299332,1.1772895722855715e-05,0.7134328777210152,0.011278815827480412,0.00012721168647022264,0.5329970005830278,0.005405668079313728,2.9221247383711366e-05,N/A
