Model,Best Accuracy,Best AUC,Best F1 Score
Neural Network (Adam),0.652572796170722,0.7059073878628697,0.6378311946497588
Gradient Boosting,0.6469884323893099,0.7137304727754222,0.6387403628012253
