Model,best_model,best_params,best_accuracy,mean_accuracy,std_accuracy,var_accuracy,mean_auc,std_auc,var_auc,mean_f1,std_f1,var_f1,feature_importances
Neural Network (Adam),"MLPClassifier(alpha=0.01, batch_size=32, hidden_layer_sizes=(50,), max_iter=300)","{'max_iter': 300, 'hidden_layer_sizes': (50,), 'batch_size': 32, 'alpha': 0.01}",0.5520361990950227,0.5493212669683258,0.0016930576410741755,2.866444175999652e-06,0.7361812867329707,0.007905818342108007,6.25019636584114e-05,0.5349398751757877,0.013239709623838958,0.00017528991092357395,N/A
Random Forest,"RandomForestClassifier(max_depth=10, max_features='log2', min_samples_split=10)","{'n_estimators': 100, 'min_samples_split': 10, 'min_samples_leaf': 1, 'max_features': 'log2', 'max_depth': 10, 'class_weight': None}",0.5610859728506787,0.5380090497737556,0.013698529867167955,0.0001876497205216925,0.7136241331586296,0.01845908237512381,0.00034073772213160644,0.5356919870143184,0.016453958195781906,0.0002707327403085385,N/A
