Model,Mean Accuracy,Variance Accuracy,Std Accuracy,Mean AUC,Variance AUC,Std AUC,Mean F1 Score,Variance F1 Score,Std F1 Score
Neural Network (Adam),0.5518099547511313,0.0001358489793411,0.0116554270338382,0.7336841943918728,7.586607303946859e-05,0.0087101132621492,0.5494384976166472,0.0001235032004651,0.0111131993802502
Random Forest,0.5350678733031674,1.1772895722855717e-05,0.0034311653592993,0.7134328777210152,0.0001272116864702,0.0112788158274804,0.5329970005830278,2.922124738371137e-05,0.0054056680793137
