Model,Mean Accuracy,Variance Accuracy,Std Accuracy,Mean AUC,Variance AUC,Std AUC,Mean F1 Score,Variance F1 Score,Std F1 Score
Neural Network (Adam),0.551131221719457,0.0001921541327982,0.0138619671330682,0.7320274545194316,2.3104795252372e-05,0.0048067447667181,0.5437512921694034,0.0004584883048279,0.0214123400128977
Random Forest,0.5411764705882354,5.3029217255994224e-05,0.007282116262186,0.7139811561294123,0.0001990510044721,0.0141085436694276,0.5395136761767315,7.585665013558842e-05,0.0087095723279382
