Model,Mean Accuracy,Variance Accuracy,Std Accuracy,Mean AUC,Variance AUC,Std AUC,Mean F1 Score,Variance F1 Score,Std F1 Score
Neural Network (Adam),0.5493212669683258,2.866444175999652e-06,0.0016930576410741,0.7361812867329707,6.25019636584114e-05,0.007905818342108,0.5349398751757877,0.0001752899109235,0.0132397096238389
Random Forest,0.5380090497737556,0.0001876497205216,0.0136985298671679,0.7136241331586296,0.0003407377221316,0.0184590823751238,0.5356919870143184,0.0002707327403085,0.0164539581957819
